{
  "cv_roc_auc_mean": 0.8407211538461539,
  "cv_roc_auc_std": 0.3032511365998691,
  "roc_auc": 1.0,
  "positive_rate": 0.0182370820668693,
  "n_samples": 329,
  "label_source": "real_deposit_mentions"
}